﻿#FIFA World Cup 2002,,,https://www.fifa.com/tournaments/mens/worldcup/2002korea-japan,
Group,Team1,Team2,Score1,Score2
A,France,Senegal,0,1
A,Uruguay,Denmark,1,2
A,Denmark,Senegal,1,1
A,France,Uruguay,0,0
A,Denmark,France,2,0
A,Senegal,Uruguay,3,3
B,Paraguay,South Africa,2,2
B,Spain,Slovenia,3,1
B,Spain,Paraguay,3,1
B,South Africa,Slovenia,1,0
B,South Africa,Spain,2,3
B,Slovenia,Paraguay,1,3
C,Brazil,Turkey,2,1
C,China,Costa Rica,0,2
C,Brazil,China,4,0
C,Costa Rica,Turkey,1,1
C,Costa Rica,Brazil,2,5
C,Turkey,China,3,0
D,South Korea,Poland,2,0
D,United States,Portugal,3,2
D,South Korea,United States,1,1
D,Portugal,Poland,4,0
D,Portugal,South Korea,0,1
D,Poland,United States,3,1
E,Republic of Ireland,Cameroon,1,1
E,Germany,Saudi Arabia,8,0
E,Germany,Republic of Ireland,1,1
E,Cameroon,Saudi Arabia,1,0
E,Cameroon,Germany,0,2
E,Saudi Arabia,Republic of Ireland,0,3
F,Argentina,Nigeria,1,0
F,England,Sweden,1,1
F,Sweden,Nigeria,2,1
F,Argentina,England,0,1
F,Sweden,Argentina,1,1
F,Nigeria,England,0,0
G,Croatia,Mexico,0,1
G,Italy,Ecuador,2,0
G,Italy,Croatia,1,2
G,Mexico,Ecuador,2,1
G,Mexico,Italy,1,1
G,Ecuador,Croatia,1,0
H,Japan,Belgium,2,2
H,Russia,Tunisia,2,0
H,Japan,Russia,1,0
H,Tunisia,Belgium,1,1
H,Tunisia,Japan,0,2
H,Belgium,Russia,3,2
