﻿#FIFA World Cup 2006,,,https://www.fifa.com/tournaments/mens/worldcup/2006germany,
Group,Team1,Team2,Score1,Score2
A,Germany,Costa Rica,4,2
A,Poland,Ecuador,0,2
A,Germany,Poland,1,0
A,Ecuador,Costa Rica,3,0
A,Ecuador,Germany,0,3
A,Costa Rica,Poland,1,2
B,England,Paraguay,1,0
B,Trinidad and Tobago,Sweden,0,0
B,England,Trinidad and Tobago,2,0
B,Sweden,Paraguay,1,0
B,Sweden,England,2,2
B,Paraguay,Trinidad and Tobago,2,0
C,Argentina,Ivory Coast,2,1
C,Serbia and Montenegro,Netherlands,0,2
C,Argentina,Serbia and Montenegro,6,0
C,Netherlands,Ivory Coast,2,1
C,Netherlands,Argentina,0,0
C,Ivory Coast,Serbia and Montenegro,3,2
D,Mexico,Iran,3,1
D,Angola,Portugal,0,1
D,Mexico,Angola,0,0
D,Portugal,Iran,2,0
D,Portugal,Mexico,2,1
D,Iran,Angola,1,1
E,United States,Czech Republic ,0,3
E,Italy,Ghana,2,0
E,Czech Republic ,Ghana,0,2
E,Italy,United States,1,1
E,Czech Republic ,Italy,0,2
E,Ghana,United States,2,1
F,Australia,Japan,3,1
F,Brazil,Croatia,1,0
F,Japan,Croatia,0,0
F,Brazil,Australia,2,0
F,Japan,Brazil,1,4
F,Croatia,Australia,2,2
G,South Korea,Togo,2,1
G,France,Switzerland,0,0
G,France,South Korea,1,1
G,Togo,Switzerland,0,2
G,Togo,France,0,2
G,Switzerland,South Korea,2,0
H,Spain,Ukraine,4,0
H,Tunisia,Saudi Arabia,2,2
H,Saudi Arabia,Ukraine,0,4
H,Spain,Tunisia,3,1
H,Saudi Arabia,Spain,0,1
H,Ukraine,Tunisia,1,0
